label,total_amount,transaction_count,avg_amount
Service charges,1967395587304,1704,1154574875.1784039
Cash/cash equivalents at the year end:,1038334890185,1974,526005516.81104356
Transfers and Subsidies - Operational,910844144990,1899,479644099.5208004
Property rates,773723179279,1549,499498501.7940607
Cash/cash equivalents at the year begin:,489931398314,1792,273399217.80915177
Other revenue,432722564725,1902,227509234.87118822
Transfers and Subsidies - Capital,349603623573,1744,200460793.3331422
Borrowing long term/refinancing,67367067019,176,382767426.2443182
Interest,59474079313,1666,35698727.07863145
Short term loans,23846612692,48,496804431.0833333
Proceeds on disposal of PPE,1920211754,357,5378744.408963585
Increase (decrease) in consumer deposits,1429304714,175,8167455.508571428
Dividends,369902717,97,3813430.0721649486
Decrease (increase) in non-current receivables,-5666449726,156,-36323395.679487176
Transfers and Subsidies,-12624115275,601,-21005183.485856906
Decrease (increase) in non-current investments,-13031779150,138,-94433182.24637681
Finance charges,-48220217564,985,-48954535.59796954
Repayment of borrowing,-49336125313,480,-102783594.40208334
Capital assets,-507911825757,1764,-287931874.0119048
Suppliers and employees,-3403502273424,1934,-1759825374.0558429
