name,label,total_amount
City of Ekurhuleni,Service charges,293392940302
City of Johannesburg,Service charges,265283063335
City of Tshwane,Cash/cash equivalents at the year end:,243338543058
Cape Town,Service charges,222562658700
City of Tshwane,Service charges,195954775941
eThekwini,Service charges,192820241314
City of Johannesburg,Property rates,139798715635
eThekwini,Property rates,123316819756
eThekwini,Cash/cash equivalents at the year end:,114495680552
City of Johannesburg,Cash/cash equivalents at the year end:,100109445573
Cape Town,Property rates,95710272244
Cape Town,Cash/cash equivalents at the year begin:,85520823758
Cape Town,Cash/cash equivalents at the year end:,82909922353
City of Tshwane,Property rates,71531734217
City of Ekurhuleni,Property rates,66456809646
Nelson Mandela Bay,Service charges,65277462560
City of Johannesburg,Transfers and Subsidies - Operational,62306212904
eThekwini,Cash/cash equivalents at the year begin:,57827230250
Cape Town,Transfers and Subsidies - Operational,52452749106
City of Ekurhuleni,Transfers and Subsidies - Operational,50111204434
