name,finance_charges,total_amount,finance_charge_pct
Lesedi,364679994,1861716384,19.59
Tubatse Fetakgomo,45357053,5319990360,0.85
uMshwathi,0,1345567626,0.0
Zululand,0,15533110226,0.0
Witzenberg,0,3874041406,0.0
Vhembe,-3012,15455135994,-0.0
Uthukela,0,1760753626,0.0
Umzinyathi,0,9003576208,0.0
Umzimvubu,0,2991207300,0.0
Umzimkhulu,0,1977168908,0.0
Umkhanyakude,0,3148087812,0.0
Umhlabuyalingana,-37668,3149321258,-0.0
Umdoni,-13918,1626670146,-0.0
Ubuhlebezwe,-15700,3607171608,-0.0
Thulamela,-49573,18023388364,-0.0
Thembisile Hani,0,3417944452,0.0
Sekhukhune,0,10076521504,0.0
Sedibeng,0,658108372,0.0
Sarah Baartman,0,3829761368,0.0
Prince Albert,0,1402992382,0.0
