name,total_amount,transaction_count
City of Tshwane,486677086116,74
eThekwini,228991361104,102
City of Johannesburg,200218891146,111
Cape Town,165819844706,113
Ugu,74241824046,80
Mangaung,73994671436,108
Nelson Mandela Bay,73172423476,67
George,40293820716,107
Rustenburg,36644276234,73
Mossel Bay,32625595702,89
Buffalo City,32099761124,114
Alfred Nzo,24283864734,82
KwaDukuza,23573932328,108
Drakenstein,22991255380,111
Greater Tzaneen,18755950126,90
Amathole,18484620118,52
uMgungundlovu,18416602740,86
Thulamela,18023388364,92
Emfuleni,17938893154,62
Lepelle-Nkumpi,16011123726,92
